[
  {
    "label": "Home",
    "link": "/",
    "isDropdown": false
  },
  {
    "label": "Blog",
    "link": "/blog",
    "isDropdown": false
  },
  {
    "label": "Website",
    "link": "/website",
    "isDropdown": false
  },
  {
    "label": "Services",
    "link": "/services",
    "isDropdown": true,
    "dropdownMenu": [
      {
        "label": "Teams",
        "link": "/team"
      },
      {
        "label": "Contact",
        "link": "/contact"
      },
      {
        "label": "Images",
        "link": "/images"
      }
    ]
  }
]
